,
,
00:00   NBA: New York Knicks @ Orlando Magic," | <a href=""https://v2.sportsonline.su/channels/hd/hd2.php"" target=""_blank"">https://v2.sportsonline.su/channels/hd/hd2.php</a><br>"
00:00   La Equidad x Boyacá Chicó," | <a href=""https://v2.sportsonline.su/channels/hd/hd8.php"" target=""_blank"">https://v2.sportsonline.su/channels/hd/hd8.php</a><br>"
00:30   NBA: Cleveland Cavaliers @ Brooklyn Nets," | <a href=""https://v2.sportsonline.su/channels/pt/sporttv2.php"" target=""_blank"">https://v2.sportsonline.su/channels/pt/sporttv2.php</a><br>"
01:00   Argentina x Panama," | <a href=""https://v2.sportsonline.su/channels/hd/hd1.php"" target=""_blank"">https://v2.sportsonline.su/channels/hd/hd1.php</a><br>"
," | <a href=""https://v2.sportsonline.su/channels/hd/hd6.php"" target=""_blank"">https://v2.sportsonline.su/channels/hd/hd6.php</a><br>"
," | <a href=""https://v2.sportsonline.su/channels/pt/sporttv1.php"" target=""_blank"">https://v2.sportsonline.su/channels/pt/sporttv1.php</a><br>"
01:00   Suriname x Mexico," | <a href=""https://v2.sportsonline.su/channels/hd/hd9.php"" target=""_blank"">https://v2.sportsonline.su/channels/hd/hd9.php</a><br>"
02:10   América de Cali x Junior," | <a href=""https://v2.sportsonline.su/channels/hd/hd8.php"" target=""_blank"">https://v2.sportsonline.su/channels/hd/hd8.php</a><br>"
03:30   NBA: Oklahoma City Thunder @ LA Clippers," | <a href=""https://v2.sportsonline.su/channels/hd/hd2.php"" target=""_blank"">https://v2.sportsonline.su/channels/hd/hd2.php</a><br>"
,
,
,
,
<br><br>,
VIERNES<br>,
<br><br>,
HD1 ENGLISH,
HD2 ENGLISH,
HD3 DUTCH,
HD4 FRENCH,
HD5 ENGLISH,
HD6 SPANISH,
HD7 ITALIAN,
HD8 POLISH & ENGLISH & SPANISH,
HD9 ENGLISH & GREEK & SPANISH,
BR2 BRAZILIAN,
BR3 BRAZILIAN,
BR4 BRAZILIAN,
,
10:00   Australia x Ecuador," | <a href=""https://v2.sportsonline.su/channels/bra/br4.php"" target=""_blank"">https://v2.sportsonline.su/channels/bra/br4.php</a><br>"
10:00   MotoGP: Portugal FP1," | <a href=""https://v2.sportsonline.su/channels/hd/hd2.php"" target=""_blank"">https://v2.sportsonline.su/channels/hd/hd2.php</a><br>"
," | <a href=""https://v2.sportsonline.su/channels/hd/hd7.php"" target=""_blank"">https://v2.sportsonline.su/channels/hd/hd7.php</a><br>"
," | <a href=""https://v2.sportsonline.su/channels/pt/sporttv4.php"" target=""_blank"">https://v2.sportsonline.su/channels/pt/sporttv4.php</a><br>"
12:00   Korea Republic x Colombia," | <a href=""https://v2.sportsonline.su/channels/hd/hd6.php"" target=""_blank"">https://v2.sportsonline.su/channels/hd/hd6.php</a><br>"
14:00   Congo DR x Mauritania," | <a href=""https://v2.sportsonline.su/channels/hd/hd9.php"" target=""_blank"">https://v2.sportsonline.su/channels/hd/hd9.php</a><br>"
14:00   Judo Grand Slam Tbilisi 2023," | <a href=""https://v2.sportsonline.su/channels/pt/sporttv3.php"" target=""_blank"">https://v2.sportsonline.su/channels/pt/sporttv3.php</a><br>"
14:15   MotoGP: Portugal FP2," | <a href=""https://v2.sportsonline.su/channels/hd/hd2.php"" target=""_blank"">https://v2.sportsonline.su/channels/hd/hd2.php</a><br>"
," | <a href=""https://v2.sportsonline.su/channels/hd/hd7.php"" target=""_blank"">https://v2.sportsonline.su/channels/hd/hd7.php</a><br>"
," | <a href=""https://v2.sportsonline.su/channels/pt/sporttv4.php"" target=""_blank"">https://v2.sportsonline.su/channels/pt/sporttv4.php</a><br>"
16:00   ATP World Tour 1000: Miami Open," | <a href=""https://v2.sportsonline.su/channels/pt/sporttv2.php"" target=""_blank"">https://v2.sportsonline.su/channels/pt/sporttv2.php</a><br>"
17:00   Côte d'Ivoire x Comoros," | <a href=""https://v2.sportsonline.su/channels/hd/hd9.php"" target=""_blank"">https://v2.sportsonline.su/channels/hd/hd9.php</a><br>"
17:00   Cape Verde Islands x Eswatini," | <a href=""https://v2.sportsonline.su/channels/hd/hd5.php"" target=""_blank"">https://v2.sportsonline.su/channels/hd/hd5.php</a><br>"
18:00   Bulgaria x Montenegro," | <a href=""https://v2.sportsonline.su/channels/hd/hd1.php"" target=""_blank"">https://v2.sportsonline.su/channels/hd/hd1.php</a><br>"
," | <a href=""https://v2.sportsonline.su/channels/pt/sporttv1.php"" target=""_blank"">https://v2.sportsonline.su/channels/pt/sporttv1.php</a><br>"
," | <a href=""https://v2.sportsonline.su/channels/bra/br4.php"" target=""_blank"">https://v2.sportsonline.su/channels/bra/br4.php</a><br>"
19:00   Euro League Basketball: Virtus Bologna x Real Madrid," | <a href=""https://v2.sportsonline.su/channels/pt/sporttv5.php"" target=""_blank"">https://v2.sportsonline.su/channels/pt/sporttv5.php</a><br>"
20:45   France x Netherlands," | <a href=""https://v2.sportsonline.su/channels/hd/hd2.php"" target=""_blank"">https://v2.sportsonline.su/channels/hd/hd2.php</a><br>"
," | <a href=""https://v2.sportsonline.su/channels/hd/hd3.php"" target=""_blank"">https://v2.sportsonline.su/channels/hd/hd3.php</a><br>"
," | <a href=""https://v2.sportsonline.su/channels/hd/hd4.php"" target=""_blank"">https://v2.sportsonline.su/channels/hd/hd4.php</a><br>"
," | <a href=""https://v2.sportsonline.su/channels/pt/sporttv1.php"" target=""_blank"">https://v2.sportsonline.su/channels/pt/sporttv1.php</a><br>"
," | <a href=""https://v2.sportsonline.su/channels/bra/br2.php"" target=""_blank"">https://v2.sportsonline.su/channels/bra/br2.php</a><br>"
20:45   Gibraltar x Greece," | <a href=""https://v2.sportsonline.su/channels/hd/hd9.php"" target=""_blank"">https://v2.sportsonline.su/channels/hd/hd9.php</a><br>"
20:45   Czech Republic x Poland," | <a href=""https://v2.sportsonline.su/channels/hd/hd8.php"" target=""_blank"">https://v2.sportsonline.su/channels/hd/hd8.php</a><br>"
," | <a href=""https://v2.sportsonline.su/channels/pt/sporttv3.php"" target=""_blank"">https://v2.sportsonline.su/channels/pt/sporttv3.php</a><br>"
," | <a href=""https://v2.sportsonline.su/channels/bra/br4.php"" target=""_blank"">https://v2.sportsonline.su/channels/bra/br4.php</a><br>"
20:45   Sweden x Belgium," | <a href=""https://v2.sportsonline.su/channels/hd/hd1.php"" target=""_blank"">https://v2.sportsonline.su/channels/hd/hd1.php</a><br>"
," | <a href=""https://v2.sportsonline.su/channels/pt/sporttv2.php"" target=""_blank"">https://v2.sportsonline.su/channels/pt/sporttv2.php</a><br>"
," | <a href=""https://v2.sportsonline.su/channels/bra/br3.php"" target=""_blank"">https://v2.sportsonline.su/channels/bra/br3.php</a><br>"
20:45   Serbia x Lithuania," | <a href=""https://v2.sportsonline.su/channels/pt/sporttv4.php"" target=""_blank"">https://v2.sportsonline.su/channels/pt/sporttv4.php</a><br>"
20:45   Austria x Azerbaijan," | <a href=""https://v2.sportsonline.su/channels/hd/hd5.php"" target=""_blank"">https://v2.sportsonline.su/channels/hd/hd5.php</a><br>"
20:50   Dell Technologies Match Play - D3," | <a href=""https://v2.sportsonline.su/channels/pt/sporttv3.php"" target=""_blank"">https://v2.sportsonline.su/channels/pt/sporttv3.php</a><br>"
,
SABADO,
,
00:00   NBA: Indiana Pacers @ Boston Celtics," | <a href=""https://v2.sportsonline.su/channels/hd/hd2.php"" target=""_blank"">https://v2.sportsonline.su/channels/hd/hd2.php</a><br>"
01:00   Grenada x USA," | <a href=""https://v2.sportsonline.su/channels/hd/hd1.php"" target=""_blank"">https://v2.sportsonline.su/channels/hd/hd1.php</a><br>"
01:00   Grenada x USA," | <a href=""https://v2.sportsonline.su/channels/bra/br4.php"" target=""_blank"">https://v2.sportsonline.su/channels/bra/br4.php</a><br>"
01:00   Nicaragua x Saint Vincent and the Grenadines," | <a href=""https://v2.sportsonline.su/channels/hd/hd8.php"" target=""_blank"">https://v2.sportsonline.su/channels/hd/hd8.php</a><br>"
01:00   One Fight Night 8: Bhullar v Malykhin," | <a href=""https://v2.sportsonline.su/channels/pt/sporttv3.php"" target=""_blank"">https://v2.sportsonline.su/channels/pt/sporttv3.php</a><br>"
02:10   Rionegro Águilas x Envigado," | <a href=""https://v2.sportsonline.su/channels/hd/hd6.php"" target=""_blank"">https://v2.sportsonline.su/channels/hd/hd6.php</a><br>"
03:00   Belize x Guatemala," | <a href=""https://v2.sportsonline.su/channels/hd/hd8.php"" target=""_blank"">https://v2.sportsonline.su/channels/hd/hd8.php</a><br>"
03:00   NBA: Golden State Warriors @ Philadelphia 76ers," | <a href=""https://v2.sportsonline.su/channels/hd/hd2.php"" target=""_blank"">https://v2.sportsonline.su/channels/hd/hd2.php</a><br>"
03:00   NBA: Philadelphia 76ers @ Golden State Warriors," | <a href=""https://v2.sportsonline.su/channels/pt/sporttv1.php"" target=""_blank"">https://v2.sportsonline.su/channels/pt/sporttv1.php</a><br>"
03:30   NBA: Oklahoma City Thunder @ Los Angeles Lakers," | <a href=""https://v2.sportsonline.su/channels/hd/hd5.php"" target=""_blank"">https://v2.sportsonline.su/channels/hd/hd5.php</a><br>"
04:05   Mazatlán x León," | <a href=""https://v2.sportsonline.su/channels/hd/hd9.php"" target=""_blank"">https://v2.sportsonline.su/channels/hd/hd9.php</a><br>"
